{"cameraMode":{"drawMode":0,"name":"Shaded","section":"Shading Mode"},"sceneLighting":false,"audioPlay":false,"sceneViewState":{"m_AlwaysRefresh":false,"showFog":true,"showSkybox":true,"showFlares":true,"showImageEffects":true,"showParticleSystems":true,"showVisualEffectGraphs":true,"m_FxEnabled":true},"in2DMode":false,"pivot":{"x":-60.92454528808594,"y":17.167577743530275,"z":-225.94696044921876},"rotation":{"x":0.03782031685113907,"y":-0.015170064754784108,"z":0.002611531876027584,"w":1.0006152391433716},"size":0.8660253882408142,"orthographic":false}