{"cameraMode":{"drawMode":0,"name":"Shaded","section":"Shading Mode"},"sceneLighting":false,"audioPlay":false,"sceneViewState":{"m_AlwaysRefresh":false,"showFog":true,"showSkybox":true,"showFlares":true,"showImageEffects":true,"showParticleSystems":true,"showVisualEffectGraphs":true,"m_FxEnabled":true},"in2DMode":false,"pivot":{"x":-60.25924301147461,"y":18.177471160888673,"z":-195.85821533203126},"rotation":{"x":-0.014980904757976532,"y":0.006265104748308659,"z":0.0046339151449501518,"w":1.0012457370758057},"size":16.432815551757814,"orthographic":false}