{"cameraMode":{"drawMode":0,"name":"Shaded","section":"Shading Mode"},"sceneLighting":false,"audioPlay":false,"sceneViewState":{"m_AlwaysRefresh":false,"showFog":true,"showSkybox":true,"showFlares":true,"showImageEffects":true,"showParticleSystems":true,"showVisualEffectGraphs":true,"m_FxEnabled":true},"in2DMode":false,"pivot":{"x":-63.527496337890628,"y":11.706390380859375,"z":-228.2533416748047},"rotation":{"x":0.03424903005361557,"y":0.0051369196735322479,"z":-0.0013793547404929996,"w":1.0009119510650635},"size":0.8660253882408142,"orthographic":false}