{"cameraMode":{"drawMode":0,"name":"Shaded","section":"Shading Mode"},"sceneLighting":false,"audioPlay":false,"sceneViewState":{"m_AlwaysRefresh":false,"showFog":true,"showSkybox":true,"showFlares":true,"showImageEffects":true,"showParticleSystems":true,"showVisualEffectGraphs":true,"m_FxEnabled":true},"in2DMode":false,"pivot":{"x":-63.395896911621097,"y":21.34588623046875,"z":-222.60816955566407},"rotation":{"x":0.0594499371945858,"y":-0.02244596742093563,"z":0.0013990820152685047,"w":0.9994816780090332},"size":0.8660253882408142,"orthographic":false}